## Fri Jan 10 12:04:05 2020
insert into Client (`Active`,`Addr1`,`Carrier`,`ChangeProvID`,`City`,`ClientID`,`County`,`CreateDate`,`CreateProvID`,`DOB`,`EmplStat`,`EmplType`,`Ethnicity`,`Eyes`,`FName`,`FormID`,`Gend`,`GrdnID`,`Hair`,`HmPh`,`LName`,`MName`,`MobPh`,`PDataID`,`ProvID`,`Race`,`RecDOLC`,`SSN`,`ST`,`WkPh`,`Zip`,`clinicClinicID`) VALUES ('1','111 Old Time Road','51','353','Mytown','1231','McCurtain','2019-06-20','353','1988-07-06','103','104','2186-5','2','PSmity','350111_1','M','0','5','111-111-6550','Steve','Alex','111-111-6550','0','353','1002-5','2019-06-20 14:12:49','222-33-4444','OK','111-222-6550','74745','100');
insert into ClientASI (`ChangeDate`,`ChangeProvID`,`CreateDate`,`CreateProvID`,`D10D`,`D10Y`,`D11D`,`D11Y`,`D12D`,`D12Y`,`D13D`,`D13Y`,`D14`,`D15`,`D16`,`D17`,`D18`,`D19`,`D1D`,`D1R`,`D1Y`,`D20`,`D21`,`D22`,`D23`,`D24`,`D25`,`D26`,`D27`,`D28`,`D29`,`D2D`,`D2R`,`D2Y`,`D30`,`D31`,`D32`,`D33`,`D34`,`D35`,`D3D`,`D3Y`,`D4D`,`D4Y`,`D5D`,`D5Y`,`D6D`,`D6Y`,`D7D`,`D7Y`,`D8D`,`D8Y`,`D9D`,`D9Y`,`DCOM`,`E10`,`E11`,`E12`,`E13`,`E14`,`E15`,`E16`,`E17`,`E18`,`E19`,`E1M`,`E1Y`,`E2`,`E20`,`E21`,`E22`,`E23`,`E24`,`E3`,`E3T`,`E4`,`E5`,`E6M`,`E6Y`,`E7`,`E7T`,`E8`,`E9`,`ECOM`,`F1`,`F10`,`F11`,`F12`,`F13`,`F14`,`F15`,`F16`,`F17`,`F18D`,`F18L`,`F19D`,`F19L`,`F20D`,`F20L`,`F21L`,`F22D`,`F22L`,`F23D`,`F23L`,`F24D`,`F24L`,`F25D`,`F25L`,`F26D`,`F26L`,`F27D`,`F27L`,`F28D`,`F28L`,`F29D`,`F29L`,`F2M`,`F2Y`,`F3`,`F30`,`F31`,`F32`,`F33`,`F34`,`F35`,`F36`,`F37`,`F38`,`F4`,`F5M`,`F5Y`,`F6`,`F7`,`F8`,`F9`,`FCOM`,`FormID`,`G1`,`G10`,`G11`,`G12`,`G14M`,`G14Y`,`G15`,`G16`,`G17`,`G18`,`G19`,`G2`,`G4`,`G5`,`G6`,`G7`,`G8`,`G9`,`H10A`,`H10D`,`H10P`,`H11A`,`H11D`,`H11P`,`H12A`,`H12D`,`H12P`,`H1A`,`H1D`,`H1P`,`H2A`,`H2D`,`H2P`,`H3A`,`H3D`,`H3P`,`H4A`,`H4D`,`H4P`,`H5A`,`H5D`,`H5P`,`H6A`,`H6D`,`H6P`,`H7A`,`H7D`,`H7P`,`H8A`,`H8D`,`H8P`,`H9A`,`H9D`,`H9P`,`ID`,`L1`,`L10`,`L11`,`L12`,`L13`,`L14`,`L15`,`L16T`,`L17`,`L18`,`L19`,`L2`,`L20`,`L21`,`L22`,`L23`,`L24`,`L26`,`L27`,`L28`,`L29`,`L3`,`L30`,`L31`,`L32`,`L4`,`L5`,`L6`,`L7`,`L8`,`L9`,`LCOM`,`M1`,`M10`,`M11`,`M2M`,`M2Y`,`M3`,`M4`,`M5`,`M6`,`M7`,`M8`,`M9`,`MCOM`,`P1`,`P10D`,`P10L`,`P11D`,`P11L`,`P12`,`P13`,`P14`,`P15`,`P16`,`P17`,`P18`,`P19`,`P2`,`P20`,`P21`,`P22`,`P23`,`P3`,`P4D`,`P4L`,`P5D`,`P5L`,`P6D`,`P6L`,`P7D`,`P7L`,`P8D`,`P8L`,`P9D`,`P9L`,`PCOM`,`SPAlcohol`,`SPDrugs`,`SPEmpSup`,`SPFamily`,`SPLegal`,`SPMedical`,`SPPsych`) VALUES ('2019-07-08 12:02:16','134','2019-07-08','134','0','0','0','0','0','0','0','0','2','3','12','0','0','0','1','1','2','0','0','0','20','0','0','30','0','4','0','1','1','2','4','0','6','0','0','0','0','0','0','0','0','0','0','0','0','0','0','0','0','0','Client reports no previous treatments. Client reports his substance abuse history as the following: Alcohol AFU 18 beer. He reports drinking 2-3 times a month. His use has remained the same. He reports in a setting 8 beers. Last use reported as 7-6-19. ','1','13','400','0','0','0','0','0','1','30','0','12','12','4','4','7','0','0','1','auto mechanics','0','0','9','0','5','auto mechanic','0','1','Client reports he is looking for another job. He reports struggling with making his financial obligations at this time. Client reports his first job was at age 17. Client reports he has worked consistently since that time. Client reports he graduated high school. He did attend auto mechanic classes at the Vo-Tech. Client reports he was in regular classes making B/C. Client reports no disciplinary issues or extra curricular activities. ','6','2','2','1','1','1','1','1','1','0','1','0','0','0','1','0','0','0','0','0','0','0','0','0','0','0','0','1','0','0','0','0','0','2','2','0','0','3','3','3','3','6','0','0','6','6','0','2','0','0','2','Client reports he was raised by his mom and dad. Client reports having 4 brothers and 2 sisters. Client reports on 1 brother is whole. Client reports he is currently single. He has 1 child Carter 4 months. In the past he was with Tanisha for 6 months having one child. It ended due to growing apart. He is involved with Carter\'s life today. ','352391_1','1231','M','134','N','0','1','1','1999-07-06','1002-5','1013','1','444-13-0485','2019-06-20','2019-07-08','11:00:00','11:30:00','1','1','1','0','0','1','0','0','0','0','0','0','0','0','1','0','0','1','0','0','0','0','0','0','0','0','0','0','0','0','0','0','1','0','0','0','0','0','1598','1','0','0','0','0','0','0','0','1','0','1','0','2','0','0','19','0','0','0','4','0','0','7','0','0','0','0','0','0','0','0','Client reports he is seeking treatment due to court requirements. He has a DUI charge and is required to complete treatment. ','10','0','0','0','2','0','0','0','7','2','1','1','Client reports CDIB as his insurance. Client reports he has been in the hospital for cutting his fingers off, eye surgery, tonsils, and pneumonia. Client reported recently having issues with his allergies.','0','0','0','0','0','0','0','0','0','0','0','0','0','0','0','0','0','0','0','0','0','0','0','0','0','0','0','0','0','0','0','Client reports no mental health history.','6','0','7','6','7','1','0');
insert into ClientACE (`ChangeDate`,`ChangeProvID`,`ClientID`,`CreateDate`,`CreateProvID`,`FormID`,`ID`,`TestDate`,`q1`,`q10`,`q2`,`q3`,`q4`,`q5`,`q6`,`q7`,`q8`,`q9`) VALUES ('2019-06-20 14:02:08','102','1231','2019-06-20','102','350114_1','18','2019-06-20','0','0','0','0','0','0','1','0','0','0');
insert into ClientACL (`ClientID`,`ProvID`) VALUES ('1231','92');
insert into ClientAdmit (`AdmitDate`,`AdmitTime`,`ChangeProvID`,`ClientID`,`ClinicID`,`CreateDate`,`CreateProvID`,`FormID`,`ID`,`ProvID`,`TrID`) VALUES ('2019-07-08','10:46:00','91','1231','100','2019-06-20','102','350111_1','1260','134','11206');
insert into ClientCDCHA (`ChangeDate`,`ChangeProvID`,`ClientID`,`CreateDate`,`CreateProvID`,`FormID`,`ID`,`q83`,`q85`) VALUES ('2019-07-01 13:59:28','131','1231','2019-07-01','131','351123_1','732','0','0');
insert into ClientDevl (`AlcoholFrequently`,`AlcoholInfrequently`,`Alert`,`Allergies`,`AmnioticFluidLoss`,`Anemia`,`Angry`,`Bleeding`,`BottleFed`,`BreastFed`,`BreastSupplement`,`Breech`,`ChangeDate`,`ChangeProvID`,`Chokes`,`ClientID`,`Colic`,`CongenitalDefects`,`Convulsions`,`CordAroundNeck`,`CreateDate`,`CreateProvID`,`DelayedBreathing`,`DiffFallAsleep`,`DiffSucking`,`DiffSwallowing`,`DiffToAwake`,`DiffToComfort`,`EarInfections`,`EdemaSwelling`,`EmergencyCesarean`,`EmergencyRoom`,`EmotionalStrain`,`EpiduralAnesthesia`,`ExcessNausea`,`ExcessiveSleeper`,`ExtremelyActive`,`Fearful`,`FeedComplications`,`FeedingTube`,`Fever`,`FoodAllergies`,`FoodTextures`,`FormID`,`FreqSpitsUp`,`FrequentAwaking`,`FrequentCrying`,`GeneralAnesthesia`,`GestationalDiabetes`,`Happy`,`HeartInfection`,`HighFever`,`Hypertension`,`ID`,`Inactive`,`Incubator`,`Jaundice`,`LimpFloppy`,`LittleSleep`,`Longlabor`,`LowWeight`,`MMCrawl`,`MMGoDownStairs`,`MMRideBicycle`,`MMRideTricycle`,`MMSitAlone`,`MMWalk`,`Motherill`,`MotorMilestones`,`Nightmares`,`NotBeHeld`,`OccasionalCrying`,`ParentToSleep`,`Perinatal`,`PerinatalOther`,`PhysActiveSleep`,`PlannedCesarean`,`Playful`,`PoorAppetite`,`Postnatal`,`PostnatalOther`,`PrematureContractions`,`Prenatal`,`ReachesOutPickedUp`,`Reflux`,`RefusesMostFood`,`RequiredOxygen`,`RhFactorProblems`,`RubellaMeasles`,`SeriousInjury`,`SleepWalking`,`SleepsWithParent`,`SlowHeartRate`,`SmokedGTpack`,`SmokedLTpack`,`Sociable`,`Surgery`,`Toxemia`,`Transfusion`,`UseForceps`,`UsedIllegalDrugs`,`UsedPrescription`,`ViralInfection`,`WandersFromTable`,`WantsHeldFreq`,`Withdrawn`) VALUES ('0','0','0','0','0','0','0','0','0','0','0','0','2019-07-01 13:59:48','131','0','1231','0','0','0','0','2019-07-01','131','0','0','0','0','0','0','0','0','0','1','0','0','0','0','0','0','0','0','0','0','0','351125_1','0','0','0','0','0','0','0','0','0','729','0','0','0','0','0','0','0','0','0','0','0','0','0','0','U','0','0','0','0','U','0','0','0','0','0','U','0','0','U','0','0','0','0','0','0','0','0','0','0','0','0','0','0','0','0','0','0','0','0','0','0','0');
insert into ClientEDocs (`ChangeProvID`,`ClientID`,`CreateDate`,`CreateProvID`,`Descr`,`ID`,`Path`,`RecDOLC`,`Rollup`,`Title`,`Type`) VALUES ('91','1231','2020-01-09','91','Rollup on 01/09/2020','111','/Client/EDocs/1231/ClientAdmit1231.pdf','2020-01-09 13:07:51','ClientAdmit1231.pdf','Rollup client \'1231\' ClientAdmit: 01/09/2020','22');
insert into ClientEducation (`ChangeDate`,`ChangeProvID`,`ClientID`,`CreateDate`,`CreateProvID`,`CurrentGrade`,`FormID`,`ID`,`RepeatGrade`,`SchoolGrade`) VALUES ('2019-07-01 14:12:57','131','1231','2019-06-20','102','LA15564-0','350117_1','1081','LA12688-0ýLA4389-8ýLA15606-9ýLA15607-7ýLA15608-5ýLA15609-3ýLA15610-1ýLA15611-9ýLA15612-7ýLA15613-5ýLA15614-3ýLA15615-0ýLA15616-8ýLA15617-6ýLA15618-4ýLA15564-0ýLA15619-2ýLA15620-0ýLA15621-8ýLA15622-6ýLA12460-4','LA15564-0');
insert into ClientEmergency (`AD`,`ChangeDate`,`ChangeProvID`,`ClientID`,`CreateDate`,`CreateProvID`,`DNR`,`FormID`,`ID`,`LW`,`MyHealth`) VALUES ('0','2019-07-01 13:58:55','131','1231','2019-07-01','131','0','351121_1','943','0','1');
insert into ClientHealth (`ChangeDate`,`ChangeProvID`,`ClientID`,`CreateDate`,`CreateProvID`,`FormID`,`ID`,`OverallHealth`,`RefusedQues`) VALUES ('2019-07-01 13:59:28','131','1231','2019-07-01','131','351123_1','987','1','0');
insert into ClientIntake (`AbsentDayCare`,`AbsentSchool`,`Active`,`ChangeProvID`,`ClientID`,`CreateDate`,`CreateProvID`,`DV`,`FormID`,`ICISID`,`ID`,`IEP`,`IntDate`,`LOC`,`LastSchoolDist`,`LastSchoolName`,`LearnAbility`,`MilFlag`,`POB`,`Problem1`,`Problem2`,`RecDOLC`,`SA`,`SchoolLast3`,`SchoolStat`,`ServiceFocus`,`Services`,`Summary`,`SuspendedSchool`,`WitnessDV`) VALUES ('0','0','1','131','1231','2019-06-20','102','0','350111_1','CBM070699','1128','0','2019-07-08','1','48-I006','48-I006_705','average','0','Idabel, Oklahoma','144','149','2019-07-08 18:05:06','0','0','G','2','17','Client appears to be ready for change. He will be linked and referred to Dennis Whitten for a DUI assessment, and he will be linked and referred to Oklahoma Workforce for employment.','0','0');
insert into ClientLegal (`Arrest1`,`Arrested`,`CASEID`,`ChangeDate`,`ChangeProvID`,`ClientID`,`CommitmentCounty`,`CreateDate`,`CreateProvID`,`CustAgency`,`FormID`,`ID`,`InJail`,`LegalStatus`,`OnPP`) VALUES ('0','1','083912055','2019-07-01 14:11:13','131','1231','McCurtain','2019-06-20','102','NONE','350111_1','1132','0','116','0');
insert into ClientLegalPP (`ChangeDate`,`ChangeProvID`,`ClientID`,`CreateDate`,`CreateProvID`,`FormID`,`ID`) VALUES ('2019-06-20 13:57:30','102','1231','2019-06-20','102','350111_1','1132');
insert into ClientMHProblems (`ChangeDate`,`ChangeProvID`,`ClientID`,`CreateDate`,`CreateProvID`,`FamilyTherapy`,`FormID`,`GroupTherapy`,`Hospitalization`,`ID`,`Medical`,`OccupationalTherapy`,`OtherTherapy`,`PhysicalTherapy`,`PsychTherapy`,`SpecialDiet`,`SpeechTherapy`,`Training`,`VisionTherapy`) VALUES ('2019-07-01 13:58:59','131','1231','2019-07-01','131','0','351122_1','0','0','823','0','0','0','0','0','0','0','0','0');
insert into ClientMHSF (`ChangeDate`,`ChangeProvID`,`ClientID`,`CreateDate`,`CreateProvID`,`FormID`,`ID`,`TestDate`,`q1`,`q10`,`q11`,`q12`,`q13`,`q14`,`q15`,`q16`,`q17`,`q2`,`q3`,`q4`,`q5`,`q6a`,`q6b`,`q7`,`q8`,`q9`) VALUES ('2019-07-01 14:03:12','131','1231','2019-07-01','131','351128_1','536','2019-07-01','0','0','0','1','0','0','0','0','0','0','0','0','0','0','0','0','0','0');
insert into ClientODAS (`ChangeDate`,`ChangeProvID`,`ClientID`,`CommentsD1`,`CommentsD4`,`CommentsD5`,`CommentsD6`,`CreateDate`,`CreateProvID`,`D1q1`,`D1q2`,`D1q3`,`D1q4`,`D1q5`,`D1q6`,`D1q7`,`D1q8`,`D2q1`,`D2q2`,`D2q3`,`D2q4`,`D2q5`,`D2q6`,`D2q7`,`D2q8`,`D3q1`,`D3q2`,`D3q3`,`D3q4`,`D3q5`,`D3q6`,`D3q7`,`D3q8`,`D3q9`,`D4q1`,`D4q2`,`D4q3`,`D4q4`,`D4q5`,`D4q6`,`D5q1`,`D5q10`,`D5q2`,`D5q3`,`D5q4`,`D5q5`,`D5q6`,`D5q7`,`D5q8`,`D5q9`,`D6q1`,`D6q2`,`D6q3`,`D6q4`,`D6q5`,`D6q6`,`D6q7`,`D6q8`,`D6q9`,`FormID`,`ID`,`ProvID`,`TestDate`,`TextD1q1`,`TextD2q7`,`TextD3q6`,`TextD5q5`,`TextD6q8`,`TextD6q9`) VALUES ('2019-07-08 12:08:07','134','1231','Client reports no issues with withdrawal in the past. Client reports he has continued to drink since his DUI Charges.','Client has continued to use despite ongoing impact on his life. ','Client reports he continues to use despite its impact on his life.','Client reports minimal coping skills to assist with recovery efforts. ','2019-07-08','134','3','1','1','2','2','1','1','1','0','0','0','0','0','0','4','1','0','0','0','0','0','3','0','1','1','3','3','3','3','3','2','0','3','0','0','0','3','2','3','3','3','2','3','3','3','3','4','0','3','4','352397_1','52','134','2019-07-08','Client reports drinking on Saturday.','Client reports he has reduced to 2 times per day from 10 per day. ','Client continues to act without thinking through the consequences of his actions. ','Client reports drinking with his friends.','He reports staying with a friend at this time.','Client is looking for employment at this time. ');
insert into ClientProblems (`Active`,`ChangeDate`,`ChangeProvID`,`ClientID`,`Comments`,`CreateDate`,`CreateProvID`,`FormID`,`ID`,`InitiatedDate`,`Priority`,`UUID`,`negationInd`) VALUES ('1','2019-06-20 14:47:20','102','1231','Client states he began drinking alcohol at about age 17, now age 19 years, 11 months.  Has been  arrested for D.U.I. Alcohol (1st offense), (.07% breath test result) must attend for Court compliance and Drivers\' License re-instatement purposes.','2019-06-20','102','350129_1','1557','2019-06-20','10','da984739-a081-58a0-ba06-72e0397d32c3_F10.20','0');
insert into ClientReferrals (`ChangeDate`,`ChangeProvID`,`ClientID`,`CreateDate`,`CreateProvID`,`FormID`,`ID`,`RefDate`,`RefReason`,`ReferredBy1Type`,`ReferredCont1`,`ReturnToRef`) VALUES ('2019-06-20 13:57:30','102','1231','2019-06-20','102','350111_1','1128','2019-06-20','Drivers license suspended, A.D.S.A.C. required outpatient counseling / education weekly for 12 weeks after treatment intake.','35','Braydon Wooten','0');
insert into ClientRelations (`ChangeDate`,`ChangeProvID`,`ClientID`,`CreateDate`,`CreateProvID`,`FamUsualLivArr`,`FormID`,`HomelessLong`,`HomelessMany`,`ID`,`LivesWith`,`LivesWithDesc`,`MarStat`,`ParStat`,`RelHistory`,`ResNum`,`Residence`,`SatUsualLivArr`) VALUES ('2019-07-01 14:09:18','131','1231','2019-06-20','102','6','350111_1','0','0','1135','5','Splitting expences with a room-mate.','1','BPL','currently not in a relationship at this time.','0','1','2');
insert into ClientResources (`AbleToCare`,`AbleToMeetLegal`,`AbleToMeetNeeds`,`AbleToPay`,`ActiveSupport`,`AutoForUse`,`BasicNeeds`,`ChangeDate`,`ChangeProvID`,`ChurchSupport`,`ClientID`,`CreateDate`,`CreateProvID`,`EmplSupport`,`FamilySupport`,`FormID`,`ID`,`IncomeDeps`,`MajSupport`,`RecoveryNeeds`,`RegSupport`,`SelfHelp`,`SelfHelp30`,`ValidDL`) VALUES ('1','1','1','0','1','1','1','2019-07-01 14:11:04','131','0','1231','2019-06-20','102','0','1','350117_1','1092','1','1','1','1','0','0','0');
insert into ClientSocial (`ChangeDate`,`ChangeProvID`,`ClientID`,`CreateDate`,`CreateProvID`,`FormID`,`Healer`,`ID`,`PreLang`,`PreferLive`,`ReadEnglish`,`RelDestrFlag`,`RelIntimateFlag`,`RelNeedsFlag`,`RelPDFlag`,`ReligionAttend`,`ReligionChild`,`ReligionViews`,`SpeakEnglish`,`StressDeath`,`StressDivorce`,`StressSeparation`,`WhoSpendTime`,`WriteEnglish`) VALUES ('2019-07-01 14:11:51','131','1231','2019-06-20','102','350117_1','0','1097','eng','Country','1','0','0','0','0','0','1','0','1','0','0','0','1','1');
insert into ClientSummary (`ChangeDate`,`ChangeProvID`,`ClientID`,`CreateDate`,`CreateProvID`,`FormID`,`ID`,`L1`,`L2`,`Overall`,`Prefs`,`S1`,`Stage`) VALUES ('2019-07-01 14:17:15','131','1231','2019-07-01','131','351155_1','716','driver\'s license','job','\" To get my driver\'s license back','both','Mechanic','4');
insert into ClientTCUDS (`ChangeDate`,`ChangeProvID`,`ClientID`,`CreateDate`,`CreateProvID`,`FormID`,`ID`,`TestDate`,`q1`,`q10a`,`q10b`,`q11a`,`q11b`,`q12a`,`q13a`,`q13b`,`q13c`,`q13d`,`q13e`,`q13f`,`q13g`,`q13h`,`q13i`,`q13j`,`q13k`,`q13l`,`q13m`,`q13n`,`q13o`,`q13p`,`q13q`,`q13r`,`q13s`,`q14`,`q15`,`q16`,`q17`,`q2`,`q3`,`q4`,`q5`,`q6`,`q7`,`q8`,`q9`) VALUES ('2019-07-01 14:06:39','131','1231','2019-07-01','131','351133_1','613','2019-07-01','0','0','0','0','0','1','2','0','0','0','0','0','0','0','0','0','0','0','0','0','0','0','0','0','0','0','0','0','0','0','0','0','0','0','0','0','0');
insert into ClientTrauma (`ChangeDate`,`ChangeProvID`,`ClientID`,`CreateDate`,`CreateProvID`,`FormID`,`ID`,`Psych`) VALUES ('2019-07-01 14:08:26','131','1231','2019-07-01','131','351136_1','746','0');
insert into ClientTrPlan (`Active`,`Agrees`,`ChangeDate`,`ChangeProvID`,`ClSigDate`,`ClientCopy`,`ClientID`,`Comments`,`CreateDate`,`CreateProvID`,`DischargeCriteria`,`EffDate`,`ExpDate`,`FormID`,`ID`,`L1`,`L2`,`Locked`,`PersonsInvolved`,`Preferences`,`ReceivedBy`,`SA1`,`SA2`,`SA3`,`SA4`,`Services`,`StaffID`,`Summary`,`Theoretical`) VALUES ('0','1','2019-07-08 12:18:26','134','2019-07-08','1','1231','Client reports a history of alcohol use beginning at age 18. Client reports he drinks mostly on the weekends. Client reports charges of DUI as a result of his drinking behaviors. Client reports he has one child he is involved with and is currently single. ','2019-07-08','134','Client will have completed substance abuse treatment. Client will have learned to apply coping skills to deal with daily life stressors. ','2019-07-08','2020-01-07','352400_1','1184','driver\'s license','job','0','Brannon Cameron/Misty Stuart','Client reports no preferences to treatment at this time. ','P','My son.','My license back.','Mechanic work.','Client reports no preferences at this time.','17','131','Client appears to be ready for change. He will be linked and referred to Dennis Whitten for a DUI assessment, and he will be linked and referred to Oklahoma Workforce for employment.','C');
insert into ClientTrPlanPG (`ChangeDate`,`ChangeProvID`,`ClientID`,`CreateDate`,`CreateProvID`,`FormID`,`Goal`,`ID`,`Locked`,`NeedSkill`,`Priority`,`Prob`,`TrPlanID`) VALUES ('2019-07-08 12:18:26','134','1231','2019-07-08','134','352401_1','\"Get a better job.\"','3432','0','30','10','\"I need a job and my license back.\"','1184');
insert into ClientTrPlanOBJ (`ChangeDate`,`ChangeProvID`,`ClientID`,`CreateDate`,`CreateProvID`,`FormID`,`Frequency`,`ID`,`InitiatedDate`,`Locked`,`Obj`,`Priority`,`ProvID1`,`Service1`,`TargetDate`,`TrPlanPGID`) VALUES ('2019-07-08 12:18:26','134','1231','2019-07-08','134','352402_1','1','3667','2019-07-08','0','Client will work with case manager to meet the needs of the court system, find employment, and look for housing adequate to recovery,','10','131','13','2020-01-07','3432');
insert into ClientTrPlanOBJ (`ChangeDate`,`ChangeProvID`,`ClientID`,`CreateDate`,`CreateProvID`,`FormID`,`Frequency`,`ID`,`InitiatedDate`,`Locked`,`Obj`,`Priority`,`ProvID1`,`ProvID2`,`Service1`,`Service2`,`TargetDate`,`TrPlanPGID`) VALUES ('2019-07-08 12:18:26','134','1231','2019-07-08','134','352406_1','1','3668','2019-07-08','0','Client will list and talk about 5 negative life effects from his alcohol use.','10','131','134','13','1','2020-01-07','3433');
insert into ClientTrPlanOBJ (`ChangeDate`,`ChangeProvID`,`ClientID`,`CreateDate`,`CreateProvID`,`FormID`,`Frequency`,`ID`,`InitiatedDate`,`Locked`,`Obj`,`Priority`,`ProvID1`,`ProvID2`,`Service1`,`Service2`,`TargetDate`,`TrPlanPGID`) VALUES ('2019-07-08 12:18:26','134','1231','2019-07-08','134','352412_1','1','3670','2019-07-08','0','Client will learn 3 new ways to manage stress of daily life.','10','131','134','13','1','2020-01-07','3434');
insert into ClientTrPlanOBJ (`ChangeDate`,`ChangeProvID`,`ClientID`,`CreateDate`,`CreateProvID`,`FormID`,`Frequency`,`ID`,`InitiatedDate`,`Locked`,`Obj`,`Priority`,`ProvID1`,`ProvID2`,`Service1`,`Service2`,`TargetDate`,`TrPlanPGID`) VALUES ('2019-07-08 12:18:26','134','1231','2019-07-08','134','352418_1','1','3672','2019-07-08','0','Client will list and talk about 3 reasons why it is important to have family support systems.','10','131','134','13','1','2020-01-07','3435');
insert into ClientTrPlanS (`ChangeDate`,`ChangeProvID`,`ClientID`,`CreateDate`,`CreateProvID`,`ID`,`ProvID`,`SignDate`,`SignTime`,`TrPlanID`) VALUES ('2019-07-08 12:18:26','134','1231','2019-07-08','134','2200','134','2019-07-08','12:18:26','1184');
insert into Eligible (`Benefit`,`BenefitDescr`,`ClientID`,`CreateDate`,`FromDate`,`ID`,`OtherInsCode`,`OtherInsName`,`PlanDescr`,`PolicyID`,`RecDOLC`,`RefID`,`ServiceType`,`ToDate`) VALUES ('R','Other or Additional Payor','1231','2020-01-01','2020-01-01','101607','PRP','MEDCO HEALTH','PHARMACY','602411561','2020-01-01 10:47:40','okmis_kca.1407972847.medicaid.20200101101510.PVIwCf.271','30','2020-01-31');
insert into Gambling (`Addictions`,`Ambition`,`Anxious`,`Arguments`,`Borrowed`,`Careless`,`Celebrate`,`ChangeDate`,`ChangeProvID`,`ClientID`,`CreateDate`,`CreateProvID`,`Debts`,`DifSleeping`,`EatDisorder`,`Escape`,`Exercise`,`FeltRemorse`,`FinHelp`,`FinanceStatus`,`FormID`,`History`,`ID`,`IllegalAct`,`KeepFrom`,`LifeUnhappy`,`Longer`,`LostTime`,`Multilation`,`OtherAddictions`,`PayDebts`,`Pornography`,`Reluctant`,`Reputation`,`RunOut`,`SelfDestruct`,`Sex`,`Shopping`,`Sold`,`Treatment`,`WinBack`,`WinMore`) VALUES ('0','0','0','0','0','0','0','2019-07-01 14:07:55','131','1231','2019-07-01','131','0','0','0','0','0','0','0','P','351135_1','0','751','0','0','0','0','0','0','0','0','0','0','0','0','0','0','0','0','0','0','0');
insert into GuardianHistory (`ChangeProvID`,`ClientID`,`CreateDate`,`CreateProvID`,`FormID`,`GrdnID`,`RecDOLC`) VALUES ('131','1231','2019-07-01','131','351137_1','745','2019-07-01 14:09:18');
insert into InsPaid (`BillAmt`,`ChangeDate`,`ClientID`,`EndDate`,`ICN`,`ID`,`InsCode`,`PaidAmt`,`PayerID`,`RecAmt`,`RefID`,`StartDate`,`TransDate`,`Type`) VALUES ('90.41','2019-08-14 10:47:55','1231','2019-07-08','2219213602622','1438','MC','90.41','731476619','0.00','20190814100732840E','2019-07-08','2019-08-14','Electronic');
insert into Insurance (`ChangeProvID`,`ClientID`,`Copay`,`CreateDate`,`CreateProvID`,`Deductible`,`EligibleType`,`FormID`,`InsID`,`InsIDNum`,`InsNumActive`,`InsNumEffDate`,`InsNumID`,`Priority`,`RecDOLC`) VALUES ('130','1231','0','2019-06-20','102','0','No','350111_1','100','027412121','1','2019-06-01','1236','1','2019-07-02 14:22:45');
insert into ClientPrAuth (`AuthAmt`,`ChangeProvID`,`ClientID`,`CreateDate`,`CreateProvID`,`Diag1Prim`,`Diag1Sec`,`EffDate`,`ExpDate`,`FormID`,`ID`,`InsuranceID`,`LOS`,`LinesAuth`,`Locked`,`PAgroup`,`PAnumber`,`RecDOLC`,`ReqType`,`TL`,`Type`,`UnitsAuth`) VALUES ('493.00','130','1231','2019-06-20','102','F1020','F1020','2019-06-20','2019-07-07','350111_1','2636','1236','3','1','1','PG038','4519183859','2019-07-09 09:30:06','SA','00','RI','0');
insert into ClientPrAuthCDC (`ACEScore`,`ASIAlcohol`,`ASIDrug`,`ASIEmploy`,`ASIFamily`,`ASILegal`,`ASIMedical`,`ASIPsych`,`Addr1`,`Age`,`AgencyNum`,`AgencySite`,`AlertCHomeless`,`AnnualIncome`,`Arrested12`,`Arrested30`,`CAR1`,`CAR2`,`CAR3`,`CAR4`,`CAR5`,`CAR6`,`CAR7`,`CAR8`,`CAR9`,`CDCKey`,`CDCOK`,`ChangeDate`,`ChangeProvID`,`City`,`ClientID`,`ClientPrAuthID`,`ClinicID`,`ClinicianOfRecord`,`CountyofRes`,`CreateDate`,`CreateProvID`,`CurrentResidence`,`DateOfBirth`,`Drug1`,`Education`,`EmplStat`,`EmplType`,`EthnicHispanic`,`EthnicIslander`,`FirstName`,`FormID`,`GamblingScreen`,`Gend`,`Handicap1`,`ID`,`InSchool`,`IncarcerationStatus`,`IncomeDeps`,`InsIDNum`,`LangOther`,`LastName`,`LegalStatus`,`LevelOfCare`,`LivingSituation`,`MHScreen`,`MarStat`,`MiddleName`,`MilitaryStatus`,`NPI`,`OrgID`,`PriReferralType`,`Problem1`,`Problem2`,`RaceAsian`,`RaceBlack`,`RaceIndian`,`RaceWhite`,`Reason`,`SAScreen`,`SMI`,`SSDI`,`SSI`,`SelfHelp30`,`ServiceFocus`,`State`,`Status`,`StatusDate`,`TobaccoUse`,`TransDate`,`TransTime`,`TransType`,`TraumaScreen`,`Zip`,`traumaScore`) VALUES ('01','9','9','9','9','9','9','9','1614 Bokchito Road','19','1','100732840E','2','000000','01','00','99','99','99','99','99','99','99','99','99','5194112','99','2019-07-09 09:30:06','130','Idabel','1231','2636','100','1184743502','45','2019-06-20','102','A','1999-07-06','01','12','3','4','2','2','Brannon','350111_1','3','2','01','2660','2','2','01','027412121','0','Cameron','01','OO','1','1','1','A','G','1407972847','0100732840','35','711','741','2','2','1','2','Instant PA\n','3','2','2','2','00','02','OK','Approved','2019-07-02','10','2019-06-20','13:30:00','21','3','74745','0');
insert into ClientPrAuthCDCSent (`ACEScore`,`ASIAlcohol`,`ASIDrug`,`ASIEmploy`,`ASIFamily`,`ASILegal`,`ASIMedical`,`ASIPsych`,`Addr1`,`Age`,`AgencyNum`,`AgencySite`,`AlertCHomeless`,`AnnualIncome`,`Arrested12`,`Arrested30`,`CAR1`,`CAR2`,`CAR3`,`CAR4`,`CAR5`,`CAR6`,`CAR7`,`CAR8`,`CAR9`,`CDCKey`,`CDCOK`,`ChangeDate`,`ChangeProvID`,`City`,`ClientID`,`ClientPrAuthCDCID`,`ClinicID`,`ClinicianOfRecord`,`CountyofRes`,`CreateDate`,`CreateProvID`,`CurrentResidence`,`DateOfBirth`,`Drug1`,`Education`,`EmplStat`,`EmplType`,`EthnicHispanic`,`EthnicIslander`,`FirstName`,`FormID`,`GamblingScreen`,`Gend`,`Handicap1`,`ID`,`InSchool`,`IncarcerationStatus`,`IncomeDeps`,`InsIDNum`,`LangOther`,`LastName`,`LegalStatus`,`LevelOfCare`,`LivingSituation`,`MHScreen`,`MarStat`,`MiddleName`,`MilitaryStatus`,`NPI`,`OrgID`,`PriReferralType`,`Problem1`,`Problem2`,`RaceAsian`,`RaceBlack`,`RaceIndian`,`RaceWhite`,`Reason`,`SAScreen`,`SMI`,`SSDI`,`SSI`,`SelfHelp30`,`ServiceFocus`,`State`,`Status`,`StatusDate`,`TobaccoUse`,`TransDate`,`TransTime`,`TransType`,`TraumaScreen`,`Zip`,`traumaScore`,`xmlstring`) VALUES ('01','9','9','9','9','9','9','9','1614 Bokchito Road','19','1','100732840E','2','000000','01','00','99','99','99','99','99','99','99','99','99','5194112','1','2019-07-02 14:22:58','130','Idabel','1231','2660','100','1184743502','45','2019-06-20','102','A','1999-07-06','01','12','3','4','2','2','Brannon','350111_1','3','2','01','6263','2','2','01','027412121','0','Cameron','01','OO','1','1','1','A','G','1407972847','0100732840','35','711','741','2','2','1','2','Instant PA\n','3','2','2','2','00','02','OK','Approved','2019-07-02','10','2019-06-20','13:30:00','21','3','74745','0','HTTP/1.1 200 OK\nCache-Control: private, max-age=0\nDate: Tue, 02 Jul 2019 19:24:39 GMT\nServer: Microsoft-IIS/8.5\nContent-Length: 5904\nContent-Type: text/xml; charset=utf-8\nClient-Date: Tue, 02 Jul 2019 19:22:58 GMT\nClient-Peer: 164.58.58.172:443\nClient-Response-Num: 1\nClient-SSL-Cert-Issuer: /C=US/ST=Arizona/L=Scottsdale/O=Starfield Technologies, Inc./OU=http://certs.starfieldtech.com/repository//CN=Starfield Secure Certificate Authority - G2\nClient-SSL-Cert-Subject: /OU=Domain Control Validated/CN=*.odmhsas.org\nClient-SSL-Cipher: ECDHE-RSA-AES256-SHA\nClient-SSL-Socket-Class: IO::Socket::SSL\nX-AspNet-Version: 4.0.30319\nX-Powered-By: ASP.NET\n\n<?xml version=\"1.0\" encoding=\"utf-8\"?><soap:Envelope xmlns:soap=\"http://schemas.xmlsoap.org/soap/envelope/\" xmlns:xsi=\"http://www.w3.org/2001/XMLSchema-instance\" xmlns:xsd=\"http://www.w3.org/2001/XMLSchema\"><soap:Body><CDCPAErrorsResponse xmlns=\"http://tempuri.org/\"><CDCPAErrorsResult><xs:schema id=\"NewDataSet\" xmlns=\"\" xmlns:xs=\"http://www.w3.org/2001/XMLSchema\" xmlns:msdata=\"urn:schemas-microsoft-com:xml-msdata\"><xs:element name=\"NewDataSet\" msdata:IsDataSet=\"true\" msdata:MainDataTable=\"test\" msdata:UseCurrentLocale=\"true\"><xs:complexType><xs:choice minOccurs=\"0\" maxOccurs=\"unbounded\"><xs:element name=\"test\"><xs:complexType><xs:sequence><xs:element name=\"CDCkey\" msdata:ReadOnly=\"true\" minOccurs=\"0\"><xs:simpleType><xs:restriction base=\"xs:string\"><xs:maxLength value=\"20\" /></xs:restriction></xs:simpleType></xs:element><xs:element name=\"PGgroup\" msdata:ReadOnly=\"true\" minOccurs=\"0\"><xs:simpleType><xs:restriction base=\"xs:string\"><xs:maxLength value=\"7\" /></xs:restriction></xs:simpleType></xs:element><xs:element name=\"BegDate\" msdata:ReadOnly=\"true\" type=\"xs:dateTime\" minOccurs=\"0\" /><xs:element name=\"EndDate\" msdata:ReadOnly=\"true\" type=\"xs:dateTime\" minOccurs=\"0\" /><xs:element name=\"Units\" msdata:ReadOnly=\"true\" type=\"xs:int\" minOccurs=\"0\" /><xs:element name=\"Cost\" msdata:ReadOnly=\"true\" type=\"xs:decimal\" minOccurs=\"0\" /><xs:element name=\"PAnumber\" msdata:ReadOnly=\"true\" minOccurs=\"0\"><xs:simpleType><xs:restriction base=\"xs:string\"><xs:maxLength value=\"15\" /></xs:restriction></xs:simpleType></xs:element><xs:element name=\"Length1\" msdata:ReadOnly=\"true\" minOccurs=\"0\"><xs:simpleType><xs:restriction base=\"xs:string\"><xs:maxLength value=\"10\" /></xs:restriction></xs:simpleType></xs:element><xs:element name=\"Length2\" msdata:ReadOnly=\"true\" type=\"xs:int\" minOccurs=\"0\" /><xs:element name=\"PAlines\" msdata:ReadOnly=\"true\" type=\"xs:int\" minOccurs=\"0\" /><xs:element name=\"errcode\" msdata:ReadOnly=\"true\"><xs:simpleType><xs:restriction base=\"xs:string\"><xs:maxLength value=\"1\" /></xs:restriction></xs:simpleType></xs:element><xs:element name=\"errmsg\" msdata:ReadOnly=\"true\"><xs:simpleType><xs:restriction base=\"xs:string\"><xs:maxLength value=\"1\" /></xs:restriction></xs:simpleType></xs:element><xs:element name=\"PAstatus\" msdata:ReadOnly=\"true\" minOccurs=\"0\"><xs:simpleType><xs:restriction base=\"xs:string\"><xs:maxLength value=\"20\" /></xs:restriction></xs:simpleType></xs:element><xs:element name=\"PA_Originator_ID\" msdata:ReadOnly=\"true\" minOccurs=\"0\"><xs:simpleType><xs:restriction base=\"xs:string\"><xs:maxLength value=\"55\" /></xs:restriction></xs:simpleType></xs:element><xs:element name=\"HHresponse\" msdata:ReadOnly=\"true\" minOccurs=\"0\"><xs:simpleType><xs:restriction base=\"xs:string\"><xs:maxLength value=\"50\" /></xs:restriction></xs:simpleType></xs:element></xs:sequence></xs:complexType></xs:element></xs:choice></xs:complexType></xs:element></xs:schema><diffgr:diffgram xmlns:msdata=\"urn:schemas-microsoft-com:xml-msdata\" xmlns:diffgr=\"urn:schemas-microsoft-com:xml-diffgram-v1\"><DocumentElement xmlns=\"\"><test diffgr:id=\"test1\" msdata:rowOrder=\"0\"><CDCkey>5194112</CDCkey><PGgroup>PG038</PGgroup><BegDate>2019-06-20T00:00:00-05:00</BegDate><EndDate>2019-09-19T00:00:00-05:00</EndDate><Units>0</Units><Cost>493.0000</Cost><PAnumber>4519183859</PAnumber><Length1>month</Length1><Length2>3</Length2><PAlines>1</PAlines><errcode /><errmsg /><PAstatus>Instant</PAstatus><HHresponse /></test></DocumentElement></diffgr:diffgram></CDCPAErrorsResult><i><_userid>dmhwebsrv</_userid><_password>B90wR2k</_password><_userid2>KiamichiCoun</_userid2><_password2>MIS_!hiCoun123</_password2><_mode>Add</_mode><_provideridloc>100732840E</_provideridloc><_recipient_id>027412121</_recipient_id><_birthdate>1999-07-06T00:00:00</_birthdate><_gender>2</_gender><_transdate>2019-06-20T00:00:00</_transdate><_transtime>1330</_transtime><_transtype>21</_transtype><_servfocus>02</_servfocus><_racewhite>2</_racewhite><_raceblack>2</_raceblack><_raceindian>1</_raceindian><_racehawaiian>2</_racehawaiian><_raceasian>2</_raceasian><_hispanlatino>2</_hispanlatino><_mhscreen>1</_mhscreen><_sascreen>3</_sascreen><_traumascreen>3</_traumascreen><_traumascore>0</_traumascore><_gamblingscreen>3</_gamblingscreen><_primref>35</_primref><_countyres>45</_countyres><_zipcode>74745</_zipcode><_probprim>711</_probprim><_probsec>741</_probsec><_lname>Cameron</_lname><_fname>Brannon</_fname><_mi>A</_mi><_address1>1614 Bokchito Road</_address1><_city>Idabel</_city><_state>OK</_state><_residcur>A</_residcur><_custodydoc>2</_custodydoc><_livsitcur>1</_livsitcur><_chronichomeless>2</_chronichomeless><_employcur>3</_employcur><_emptypecur>4</_emptypecur><_education>12</_education><_inschool>2</_inschool><_marital>1</_marital><_duedate>0001-01-01T00:00:00</_duedate><_income>000000</_income><_numlivho>01</_numlivho><_benssi>2</_benssi><_benssdi>2</_benssdi><_langpref>0</_langpref><_disability1>01</_disability1><_veteran>G</_veteran><_legalstat>01</_legalstat><_cde_tobacco>10</_cde_tobacco><_drugch1>01</_drugch1><_sublevcare>OO</_sublevcare><_carmood>99</_carmood><_carthink>99</_carthink><_carsubuse>99</_carsubuse><_carmed>99</_carmed><_carfam>99</_carfam><_carintper>99</_carintper><_carrole>99</_carrole><_carsocleg>99</_carsocleg><_carself>99</_carself><_asimednew>9</_asimednew><_asiempnew>9</_asiempnew><_asialcnew>9</_asialcnew><_asidrugnew>9</_asidrugnew><_asilegalnew>9</_asilegalnew><_asifamilynew>9</_asifamilynew><_asipsychnew>9</_asipsychnew><_smi>2</_smi><_ace>01</_ace><_arrested30days>00</_arrested30days><_arrested12months>01</_arrested12months><_SHG_30Days>00</_SHG_30Days><_clinician>1184743502</_clinician><_updatedby>Allyiah Rutherford</_updatedby><_PG_group>PG038</_PG_group><_PA_begdate>2019-06-20</_PA_begdate><_PA_Diag1Prim>F1020</_PA_Diag1Prim><_PA_Diag1Sec>F1020</_PA_Diag1Sec><_PA_transmissiontype>3</_PA_transmissiontype></i></CDCPAErrorsResponse></soap:Body></soap:Envelope>\n');
insert into PALines (`BegDate`,`ChangeDate`,`ChangeProvID`,`ClientID`,`Cost`,`CreateDate`,`CreateProvID`,`EndDate`,`ID`,`PAgroup`,`PrAuthID`,`Status`,`Units`) VALUES ('2019-06-20','2019-07-09 09:30:06','91','1231','493.0000','2019-07-09','91','2019-07-07','14517','PG038','2636','A','0.0000');
insert into ClientPrAuthCDC (`ACEScore`,`ASIAlcohol`,`ASIDrug`,`ASIEmploy`,`ASIFamily`,`ASILegal`,`ASIMedical`,`ASIPsych`,`Addr1`,`Age`,`Age1`,`AgencyNum`,`AgencySite`,`AlertCHomeless`,`AnnualIncome`,`Arrested12`,`Arrested30`,`CAR1`,`CAR2`,`CAR3`,`CAR4`,`CAR5`,`CAR6`,`CAR7`,`CAR8`,`CAR9`,`CDCKey`,`CDCOK`,`ChangeDate`,`ChangeProvID`,`City`,`ClientID`,`ClientPrAuthID`,`ClinicID`,`ClinicianOfRecord`,`CountyofRes`,`CreateDate`,`CreateProvID`,`CurrentResidence`,`DateOfBirth`,`Drug1`,`Education`,`EmplStat`,`EmplType`,`EthnicHispanic`,`EthnicIslander`,`FirstName`,`FormID`,`Freq1`,`GamblingScreen`,`Gend`,`Handicap1`,`ID`,`InSchool`,`IncarcerationStatus`,`IncomeDeps`,`InsIDNum`,`LangOther`,`LastName`,`LegalStatus`,`LevelOfCare`,`LivingSituation`,`MHScreen`,`MarStat`,`MiddleName`,`MilitaryStatus`,`NPI`,`OrgID`,`PriReferralType`,`Problem1`,`Problem2`,`RaceAsian`,`RaceBlack`,`RaceIndian`,`RaceWhite`,`Route1`,`SAScreen`,`SMI`,`SSDI`,`SSI`,`SelfHelp30`,`ServiceFocus`,`State`,`Status`,`StatusDate`,`TobaccoUse`,`TransDate`,`TransTime`,`TransType`,`TraumaScreen`,`Zip`,`traumaScore`) VALUES ('01','6','0','7','6','7','1','0','1614 Bokchito Road','20','18','1','100732840E','2','000000','01','00','40','35','45','01','32','35','25','40','20','5199518','2','2019-07-09 09:30:06','134','Idabel','1231','2637','100','1184743502','45','2019-06-20','102','A','1999-07-06','02','12','3','4','2','2','Brannon','350126_1','2','3','2','01','2661','2','2','01','027412121','0','Cameron','01','OO','1','1','1','A','G','1407972847','0100732840','35','711','741','2','2','1','2','1','3','1','2','2','00','02','OK','Approved','2019-07-08','10','2019-07-08','11:00:00','23','3','74745','0');
insert into ClientPrAuthCDCSent (`ACEScore`,`ASIAlcohol`,`ASIDrug`,`ASIEmploy`,`ASIFamily`,`ASILegal`,`ASIMedical`,`ASIPsych`,`Addr1`,`Age`,`Age1`,`AgencyNum`,`AgencySite`,`AlertCHomeless`,`AnnualIncome`,`Arrested12`,`Arrested30`,`CAR1`,`CAR2`,`CAR3`,`CAR4`,`CAR5`,`CAR6`,`CAR7`,`CAR8`,`CAR9`,`CDCKey`,`CDCOK`,`ChangeDate`,`ChangeProvID`,`City`,`ClientID`,`ClientPrAuthCDCID`,`ClinicID`,`ClinicianOfRecord`,`CountyofRes`,`CreateDate`,`CreateProvID`,`CurrentResidence`,`DateOfBirth`,`Drug1`,`Education`,`EmplStat`,`EmplType`,`EthnicHispanic`,`EthnicIslander`,`FirstName`,`FormID`,`Freq1`,`GamblingScreen`,`Gend`,`Handicap1`,`ID`,`InSchool`,`IncarcerationStatus`,`IncomeDeps`,`InsIDNum`,`LangOther`,`LastName`,`LegalStatus`,`LevelOfCare`,`LivingSituation`,`MHScreen`,`MarStat`,`MiddleName`,`MilitaryStatus`,`NPI`,`OrgID`,`PriReferralType`,`Problem1`,`Problem2`,`RaceAsian`,`RaceBlack`,`RaceIndian`,`RaceWhite`,`Route1`,`SAScreen`,`SMI`,`SSDI`,`SSI`,`SelfHelp30`,`ServiceFocus`,`State`,`Status`,`StatusDate`,`TobaccoUse`,`TransDate`,`TransTime`,`TransType`,`TraumaScreen`,`Zip`,`traumaScore`,`xmlstring`) VALUES ('01','6','0','7','6','7','1','0','1614 Bokchito Road','20','18','1','100732840E','2','000000','01','00','40','35','45','01','32','35','25','40','20','5199518','1','2019-07-08 12:28:05','134','Idabel','1231','2661','100','1184743502','45','2019-06-20','102','A','1999-07-06','02','12','3','4','2','2','Brannon','350126_1','2','3','2','01','6272','2','2','01','027412121','0','Cameron','01','OO','1','1','1','A','G','1407972847','0100732840','35','711','741','2','2','1','2','1','3','1','2','2','00','02','OK','Approved','2019-07-08','10','2019-07-08','11:00:00','23','3','74745','0','HTTP/1.1 200 OK\nCache-Control: private, max-age=0\nDate: Mon, 08 Jul 2019 17:28:05 GMT\nServer: Microsoft-IIS/8.5\nContent-Length: 5975\nContent-Type: text/xml; charset=utf-8\nClient-Date: Mon, 08 Jul 2019 17:28:05 GMT\nClient-Peer: 164.58.58.172:443\nClient-Response-Num: 1\nClient-SSL-Cert-Issuer: /C=US/ST=Arizona/L=Scottsdale/O=Starfield Technologies, Inc./OU=http://certs.starfieldtech.com/repository//CN=Starfield Secure Certificate Authority - G2\nClient-SSL-Cert-Subject: /OU=Domain Control Validated/CN=*.odmhsas.org\nClient-SSL-Cipher: ECDHE-RSA-AES256-SHA\nClient-SSL-Socket-Class: IO::Socket::SSL\nX-AspNet-Version: 4.0.30319\nX-Powered-By: ASP.NET\n\n<?xml version=\"1.0\" encoding=\"utf-8\"?><soap:Envelope xmlns:soap=\"http://schemas.xmlsoap.org/soap/envelope/\" xmlns:xsi=\"http://www.w3.org/2001/XMLSchema-instance\" xmlns:xsd=\"http://www.w3.org/2001/XMLSchema\"><soap:Body><CDCPAErrorsResponse xmlns=\"http://tempuri.org/\"><CDCPAErrorsResult><xs:schema id=\"NewDataSet\" xmlns=\"\" xmlns:xs=\"http://www.w3.org/2001/XMLSchema\" xmlns:msdata=\"urn:schemas-microsoft-com:xml-msdata\"><xs:element name=\"NewDataSet\" msdata:IsDataSet=\"true\" msdata:MainDataTable=\"test\" msdata:UseCurrentLocale=\"true\"><xs:complexType><xs:choice minOccurs=\"0\" maxOccurs=\"unbounded\"><xs:element name=\"test\"><xs:complexType><xs:sequence><xs:element name=\"CDCkey\" msdata:ReadOnly=\"true\" minOccurs=\"0\"><xs:simpleType><xs:restriction base=\"xs:string\"><xs:maxLength value=\"20\" /></xs:restriction></xs:simpleType></xs:element><xs:element name=\"PGgroup\" msdata:ReadOnly=\"true\" minOccurs=\"0\"><xs:simpleType><xs:restriction base=\"xs:string\"><xs:maxLength value=\"7\" /></xs:restriction></xs:simpleType></xs:element><xs:element name=\"BegDate\" msdata:ReadOnly=\"true\" type=\"xs:dateTime\" minOccurs=\"0\" /><xs:element name=\"EndDate\" msdata:ReadOnly=\"true\" type=\"xs:dateTime\" minOccurs=\"0\" /><xs:element name=\"Units\" msdata:ReadOnly=\"true\" type=\"xs:int\" minOccurs=\"0\" /><xs:element name=\"Cost\" msdata:ReadOnly=\"true\" type=\"xs:decimal\" minOccurs=\"0\" /><xs:element name=\"PAnumber\" msdata:ReadOnly=\"true\" minOccurs=\"0\"><xs:simpleType><xs:restriction base=\"xs:string\"><xs:maxLength value=\"15\" /></xs:restriction></xs:simpleType></xs:element><xs:element name=\"Length1\" msdata:ReadOnly=\"true\" minOccurs=\"0\"><xs:simpleType><xs:restriction base=\"xs:string\"><xs:maxLength value=\"10\" /></xs:restriction></xs:simpleType></xs:element><xs:element name=\"Length2\" msdata:ReadOnly=\"true\" type=\"xs:int\" minOccurs=\"0\" /><xs:element name=\"PAlines\" msdata:ReadOnly=\"true\" type=\"xs:int\" minOccurs=\"0\" /><xs:element name=\"errcode\" msdata:ReadOnly=\"true\"><xs:simpleType><xs:restriction base=\"xs:string\"><xs:maxLength value=\"1\" /></xs:restriction></xs:simpleType></xs:element><xs:element name=\"errmsg\" msdata:ReadOnly=\"true\"><xs:simpleType><xs:restriction base=\"xs:string\"><xs:maxLength value=\"1\" /></xs:restriction></xs:simpleType></xs:element><xs:element name=\"PAstatus\" msdata:ReadOnly=\"true\" minOccurs=\"0\"><xs:simpleType><xs:restriction base=\"xs:string\"><xs:maxLength value=\"20\" /></xs:restriction></xs:simpleType></xs:element><xs:element name=\"PA_Originator_ID\" msdata:ReadOnly=\"true\" minOccurs=\"0\"><xs:simpleType><xs:restriction base=\"xs:string\"><xs:maxLength value=\"55\" /></xs:restriction></xs:simpleType></xs:element><xs:element name=\"HHresponse\" msdata:ReadOnly=\"true\" minOccurs=\"0\"><xs:simpleType><xs:restriction base=\"xs:string\"><xs:maxLength value=\"50\" /></xs:restriction></xs:simpleType></xs:element></xs:sequence></xs:complexType></xs:element></xs:choice></xs:complexType></xs:element></xs:schema><diffgr:diffgram xmlns:msdata=\"urn:schemas-microsoft-com:xml-msdata\" xmlns:diffgr=\"urn:schemas-microsoft-com:xml-diffgram-v1\"><DocumentElement xmlns=\"\"><test diffgr:id=\"test1\" msdata:rowOrder=\"0\"><CDCkey>5199518</CDCkey><PGgroup>PG048</PGgroup><BegDate>2019-07-08T00:00:00-05:00</BegDate><EndDate>2020-01-07T00:00:00-06:00</EndDate><Units>0</Units><Cost>5202.0000</Cost><PAnumber>4519189654</PAnumber><Length1>month</Length1><Length2>6</Length2><PAlines>6</PAlines><errcode /><errmsg /><PAstatus>Approved</PAstatus><HHresponse /></test></DocumentElement></diffgr:diffgram></CDCPAErrorsResult><i><_userid>dmhwebsrv</_userid><_password>B90wR2k</_password><_userid2>KiamichiCoun</_userid2><_password2>MIS_!hiCoun123</_password2><_mode>Add</_mode><_provideridloc>100732840E</_provideridloc><_recipient_id>027412121</_recipient_id><_birthdate>1999-07-06T00:00:00</_birthdate><_gender>2</_gender><_transdate>2019-07-08T00:00:00</_transdate><_transtime>1100</_transtime><_transtype>23</_transtype><_servfocus>02</_servfocus><_racewhite>2</_racewhite><_raceblack>2</_raceblack><_raceindian>1</_raceindian><_racehawaiian>2</_racehawaiian><_raceasian>2</_raceasian><_hispanlatino>2</_hispanlatino><_mhscreen>1</_mhscreen><_sascreen>3</_sascreen><_traumascreen>3</_traumascreen><_traumascore>0</_traumascore><_gamblingscreen>3</_gamblingscreen><_primref>35</_primref><_countyres>45</_countyres><_zipcode>74745</_zipcode><_probprim>711</_probprim><_probsec>741</_probsec><_lname>Cameron</_lname><_fname>Brannon</_fname><_mi>A</_mi><_address1>1614 Bokchito Road</_address1><_city>Idabel</_city><_state>OK</_state><_residcur>A</_residcur><_custodydoc>2</_custodydoc><_livsitcur>1</_livsitcur><_chronichomeless>2</_chronichomeless><_employcur>3</_employcur><_emptypecur>4</_emptypecur><_education>12</_education><_inschool>2</_inschool><_marital>1</_marital><_duedate>0001-01-01T00:00:00</_duedate><_income>000000</_income><_numlivho>01</_numlivho><_benssi>2</_benssi><_benssdi>2</_benssdi><_langpref>0</_langpref><_disability1>01</_disability1><_veteran>G</_veteran><_legalstat>01</_legalstat><_cde_tobacco>10</_cde_tobacco><_drugch1>02</_drugch1><_drugrte1>1</_drugrte1><_drugfreq1>2</_drugfreq1><_drugage1>18</_drugage1><_sublevcare>OO</_sublevcare><_carmood>40</_carmood><_carthink>35</_carthink><_carsubuse>45</_carsubuse><_carmed>01</_carmed><_carfam>32</_carfam><_carintper>35</_carintper><_carrole>25</_carrole><_carsocleg>40</_carsocleg><_carself>20</_carself><_asimednew>1</_asimednew><_asiempnew>7</_asiempnew><_asialcnew>6</_asialcnew><_asidrugnew>0</_asidrugnew><_asilegalnew>7</_asilegalnew><_asifamilynew>6</_asifamilynew><_asipsychnew>0</_asipsychnew><_smi>1</_smi><_ace>01</_ace><_arrested30days>00</_arrested30days><_arrested12months>01</_arrested12months><_SHG_30Days>00</_SHG_30Days><_clinician>1184743502</_clinician><_updatedby>Misty Stuart</_updatedby><_PG_group>PG048</_PG_group><_PA_begdate>2019-07-08</_PA_begdate><_PA_Diag1Prim>F1020</_PA_Diag1Prim><_PA_Diag1Sec>F1020</_PA_Diag1Sec><_PA_transmissiontype>3</_PA_transmissiontype></i></CDCPAErrorsResponse></soap:Body></soap:Envelope>\n');
insert into PDDom (`ChangeProvID`,`ClientID`,`CreateDate`,`CreateProvID`,`Dom10Score`,`Dom10Text`,`Dom1Coping`,`Dom1Score`,`Dom2Impulse`,`Dom2Judgment`,`Dom2Oriented`,`Dom2Score`,`Dom3Score`,`Dom3Text`,`Dom4Score`,`Dom5ParentChild`,`Dom5Score`,`Dom5Text`,`Dom6Friends`,`Dom6Peers`,`Dom6Score`,`Dom7Descr`,`Dom7Employment`,`Dom7Score`,`Dom7Text`,`Dom8Legal`,`Dom8Score`,`Dom9Score`,`Dom9Shelter`,`FormID`,`Locked`,`PDDomID`,`PrAuthID`,`RecDOLC`) VALUES ('134','1231','2019-06-20','102','0','Client is currently single, has a job, and has minimal time with his son.','1','40','1','1','3','35','45','Client continues to use despite legal impact.','1','1','32','Client reports conflict in the family.','1','1','35','Client reports he is looking for a new job. ','1','25','Client reports no consistent work history.','1','40','20','1','350127_1','1','1640','2637','2019-07-08 12:28:05');
insert into PALines (`BegDate`,`ChangeDate`,`ChangeProvID`,`ClientID`,`Cost`,`CreateDate`,`CreateProvID`,`EndDate`,`ID`,`PAgroup`,`PrAuthID`,`Status`,`Units`) VALUES ('2019-07-08','2019-07-08 12:28:05','134','1231','867.0000','2019-07-08','134','2019-08-07','14498','PG048','2637','A','0.0000');
insert into MedHx (`Active`,`AlcoholIntoxD`,`AlcoholIntoxL`,`AlcoholUseL`,`AttSuicides`,`BatteredWP`,`ChangeProvID`,`ClientID`,`CreateDate`,`CreateProvID`,`DailyTobaccoUse`,`DevlFlag`,`DrugAbuse`,`DrugInject`,`FamilySuicideHx`,`Firearms`,`FormID`,`ID`,`OD`,`RecDOLC`,`RestrictivePlacement`,`SelfHarm`,`UsedAlcohol`) VALUES ('1','1','0','0','0','0','131','1231','2019-06-20','102','10','1','0','0','0','0','350117_1','1104','0','2019-07-01 14:08:26','0','0','1');
insert into MentalStat (`Active`,`Affect`,`Alert`,`Appearance`,`Attention`,`Auditory`,`Autistic`,`Blackouts`,`Blocking`,`Broadcasting`,`Cane`,`ChangeProvID`,`Circumstantial`,`Clang`,`ClientID`,`Coma`,`Compulsions`,`Control`,`CreateDate`,`CreateProvID`,`Crutches`,`DLNR`,`DLOther`,`Distracted`,`Dress`,`Egocentric`,`Evasive`,`Facial`,`Faint`,`Flight`,`FormID`,`Gait`,`Glasses`,`Grandiosity`,`Guilt`,`HLNR`,`HearAid`,`Hygiene`,`ID`,`IPRel`,`IdeasOfRef`,`Incoherent`,`Independence`,`Influenced`,`Insight`,`IntAbility`,`Jealousy`,`Judgement`,`Kinesthetic`,`LegBrace`,`Lethargy`,`Logical`,`Loose`,`Magical`,`Memory`,`MentalExam`,`Mood`,`Motor`,`Neologisms`,`Nutrition`,`Obsessions`,`Olfactory`,`Orientation`,`PDNR`,`PONR`,`POOther`,`PerAuthority`,`PerFamily`,`Perseveration`,`Phobias`,`Posture`,`RecDOLC`,`Religious`,`ReligiousIssues`,`RetAuthority`,`RetFamily`,`Seizures`,`Sex`,`SomaticComplaints`,`SomaticConcerns`,`SpeechImpair`,`SpeechQual`,`SpeechQuan`,`Stupor`,`Suicide`,`Tangential`,`Violent`,`Visual`,`Walker`,`Wheelchair`,`Worthlessness`) VALUES ('1','Appropriate/Congruent','1','Same as stated age','Normal','0','0','0','0','0','0','131','0','0','1231','0','0','0','2019-07-01','131','0','1','0','0','Appropriate','0','0','Normal and Responsive','0','0','351154_1','Normal/Ambulatory','0','0','0','1','0','Good','728','Appropriate','0','0','Good/Manage All Life Decisions','0','Good/Full Ownership of Problems','Average','0','Good','0','0','0','1','0','0','Intact','1','Appropriate/Congruent','Normal','0','Height/Weight Appropriate','0','0','Oriented in all spheres','1','1','0','0','0','0','0','Normal','2019-07-01 14:13:47','0','0','0','0','0','0','0','0','None Reported','Normal','Normal','0','0','0','0','0','0','0','0');
insert into SAbuse (`Active`,`Age`,`Amount`,`ChangeProvID`,`ClientID`,`CreateDate`,`CreateProvID`,`Drug`,`EffDate`,`FormID`,`Freq`,`ID`,`Method`,`Priority`,`RecDOLC`) VALUES ('1','18','HEAVY','134','1231','2019-07-08','134','2','2019-07-08','352428_1','2','1482','1','1','2019-07-08 12:27:52');
insert into Treatment (`AmtDue`,`BillDate`,`BillStatus`,`BilledAmt`,`ChangeProvID`,`ChartEntryDate`,`ClientID`,`ClinicID`,`ContLogBegTime`,`ContLogDate`,`ContLogEndTime`,`CreateDate`,`CreateProvID`,`EnteredBy`,`FormID`,`IncAmt`,`MgrProvID`,`MgrRevDate`,`MgrRevTime`,`POS`,`PrAuthID`,`ProvID`,`ProvOKDate`,`ProvOKTime`,`RecDOLC`,`RecDate`,`RevStatus`,`SCID`,`SchAmt`,`StatusDate`,`TrID`,`Type`,`Units`) VALUES ('0.00','2019-07-08','5','41.92','131','2019-07-02','1231','100','14:00:00','2019-07-01','14:59:00','2019-07-02','131','131','351566_1','65.52','102','2019-07-08','14:55:46','3','2636','131','2019-07-02','12:27:09','2019-07-17 10:38:06','2019-07-17','3','5107','0','2019-07-17','11188','1','4.00');
insert into NoteTrans (`BillAmt`,`BillDate`,`ChangeDate`,`ChangeProvID`,`ClientID`,`Code`,`ContDate`,`Duration`,`ICN`,`ID`,`InsCode`,`PaidAmt`,`PayerID`,`ProvID`,`ReasonCode`,`RecDate`,`RefID`,`SCID`,`SCNum`,`SRC`,`TrID`,`Units`) VALUES ('41.92','2019-07-08','2019-07-17 10:38:06','91','1231','ER','2019-07-01','3540','2019190429770','16267','MC','65.52','731476619','131','A1','2019-07-17','20190717100732840E','5107','T1017 HF HN','ER','11188','4.00');
insert into ProgNotes (`ChangeProvID`,`ClientID`,`CreateDate`,`CreateProvID`,`FormID`,`ID`,`Methods`,`NoteID`,`ProgEvidence`,`Progress`,`RecDOLC`) VALUES ('131','1231','2019-07-02','131','351566_1','11188','Person Centered:  Case Management:  New Client-Case manager will complete CARF screening with client.','11188','Case manager completed CARF screening with client which includes history of presenting problems, health, mental health, family, social, TCUDS, education, vocational, client issues, mental status, and Interpretive summary. Case manager will link client with Misty Stuart for an ASI and treatment plan on 07/08/19 at 11AM.  Client was responsive during session.','1','2019-07-02 12:27:09');
insert into ClientTherapyNotes (`ChangeDate`,`ChangeProvID`,`ClientID`,`CreateDate`,`CreateProvID`,`FormID`,`ID`,`NoteID`) VALUES ('2019-07-02 12:27:09','131','1231','2019-07-02','131','351566_1','11186','11188');
insert into ClientNoteProblems (`Active`,`ChangeDate`,`ChangeProvID`,`ClientID`,`CreateDate`,`CreateProvID`,`ID`,`InitiatedDate`,`Locked`,`Priority`,`TrID`,`UUID`) VALUES ('1','2019-07-08 14:55:46','102','1231','2019-07-02','131','14726','2019-06-20','1','20','11188','8bb7b02b-91d8-55bf-a304-003b08a387a8_F10.20');
insert into NoteTrans (`BillAmt`,`BillDate`,`ChangeDate`,`ChangeProvID`,`ClientID`,`Code`,`ContDate`,`Duration`,`ICN`,`ID`,`InsCode`,`PaidAmt`,`PayerID`,`ProvID`,`RecDate`,`RefID`,`SCID`,`SCNum`,`SRC`,`TrID`,`Units`) VALUES ('25.32','2019-07-08','2019-07-17 10:38:06','91','1231','ER','2019-06-27','3540','2019190429765','16266','MC','25.32','731476619','131','2019-07-17','20190717100732840E','10918','H0002 HF HN','ER','11194','1.00');
insert into ProgNotes (`ChangeProvID`,`ClientID`,`CreateDate`,`CreateProvID`,`FormID`,`ID`,`Methods`,`NoteID`,`ProgEvidence`,`Progress`,`RecDOLC`) VALUES ('131','1231','2019-07-03','131','351738_1','11194','Person Centered: Case Management: New Client- Case manager will do a Intake screening with client.','11194','Case manager completed Intake screening with client completed all necessary paperwork and consents.  Case manager will complete CARF screening with client on 07/02/2019.  Client was responsive during session.','1','2019-07-03 10:16:40');
insert into ClientTherapyNotes (`ChangeDate`,`ChangeProvID`,`ClientID`,`CreateDate`,`CreateProvID`,`FormID`,`ID`,`NoteID`) VALUES ('2019-07-03 10:16:40','131','1231','2019-07-03','131','351738_1','11192','11194');
insert into ClientNoteProblems (`Active`,`ChangeDate`,`ChangeProvID`,`ClientID`,`CreateDate`,`CreateProvID`,`ID`,`InitiatedDate`,`Locked`,`Priority`,`TrID`,`UUID`) VALUES ('1','2019-07-08 13:31:07','102','1231','2019-07-03','131','14732','2019-06-20','1','20','11194','8bb7b02b-91d8-55bf-a304-003b08a387a8_F10.20');
insert into NoteTrans (`BillAmt`,`BillDate`,`ChangeDate`,`ChangeProvID`,`ClientID`,`Code`,`ContDate`,`DenCode`,`Duration`,`ICN`,`ID`,`InsCode`,`PaidAmt`,`PayerID`,`ProvID`,`ReasonCode`,`RecDate`,`RefID`,`SCID`,`SCNum`,`SRC`,`TrID`,`Units`) VALUES ('90.41','2019-07-08','2019-07-17 10:38:06','91','1231','ER','2019-07-08','109','840','2019190428683','16274','MC','0.00','731476619','134','109','2019-07-17','20190717100732840E','10941','H0031 HE','ER','11206','1.00');
insert into ProgNotes (`ChangeProvID`,`ClientID`,`CreateDate`,`CreateProvID`,`FormID`,`ID`,`Methods`,`NoteID`,`ProgEvidence`,`Progress`,`RecDOLC`) VALUES ('134','1231','2019-07-08','134','352639_1','11206','cognitive behavioral health.','11206','Client met with clinician to participate in intake assessments ASI, ACE, and ODASL.','1','2019-07-08 15:44:39');
insert into ClientTherapyNotes (`ChangeDate`,`ChangeProvID`,`ClientID`,`CreateDate`,`CreateProvID`,`FormID`,`ID`,`NoteID`) VALUES ('2019-07-08 15:44:39','134','1231','2019-07-08','134','352639_1','11204','11206');
insert into ClientNoteProblems (`Active`,`ChangeDate`,`ChangeProvID`,`ClientID`,`CreateDate`,`CreateProvID`,`ID`,`InitiatedDate`,`Locked`,`Priority`,`TrID`,`UUID`) VALUES ('1','2019-07-08 16:47:49','102','1231','2019-07-08','134','14745','2019-06-20','1','10','11206','da984739-a081-58a0-ba06-72e0397d32c3_F10.20');
insert into NoteTrans (`BillAmt`,`BillDate`,`ChangeDate`,`ChangeProvID`,`ClientID`,`Code`,`ContDate`,`DenCode`,`Duration`,`ICN`,`ID`,`InsCode`,`PaidAmt`,`PayerID`,`ProvID`,`ReasonCode`,`RecDate`,`RefID`,`SCID`,`SCNum`,`SRC`,`TrID`,`Units`) VALUES ('78.36','2019-07-08','2019-07-17 10:38:06','91','1231','ER','2019-07-08','109','900','2019190428688','16275','MC','0.00','731476619','134','109','2019-07-17','20190717100732840E','10823','H0032 HE','ER','11207','1.00');
insert into ProgNotes (`ChangeProvID`,`ClientID`,`CreateDate`,`CreateProvID`,`FormID`,`ID`,`Methods`,`NoteID`,`ProgEvidence`,`Progress`,`RecDOLC`) VALUES ('134','1231','2019-07-08','134','352642_1','11207','cognitive behavioral health','11207','Client met with clinician to participate in treatment planning. Client identified areas to work in treatment over the next six months.','1','2019-07-08 15:45:55');
insert into ClientTherapyNotes (`ChangeDate`,`ChangeProvID`,`ClientID`,`CreateDate`,`CreateProvID`,`FormID`,`ID`,`NoteID`) VALUES ('2019-07-08 15:45:55','134','1231','2019-07-08','134','352642_1','11205','11207');
insert into ClientNoteProblems (`Active`,`ChangeDate`,`ChangeProvID`,`ClientID`,`CreateDate`,`CreateProvID`,`ID`,`InitiatedDate`,`Locked`,`Priority`,`TrID`,`UUID`) VALUES ('1','2019-07-08 16:49:48','102','1231','2019-07-08','134','14746','2019-06-20','1','10','11207','da984739-a081-58a0-ba06-72e0397d32c3_F10.20');
insert into NoteTrans (`BillAmt`,`BillDate`,`ChangeDate`,`ChangeProvID`,`ClientID`,`Code`,`ContDate`,`DenCode`,`Duration`,`ICN`,`ID`,`InsCode`,`PaidAmt`,`PayerID`,`ProvID`,`ReasonCode`,`RecDate`,`RefID`,`SCID`,`SCNum`,`SRC`,`TrID`,`Units`) VALUES ('63.68','2019-07-08','2019-07-17 10:38:06','91','1231','ER','2019-07-08','109','3600','2019190428692','16276','MC','0.00','731476619','134','109','2019-07-17','20190717100732840E','10827','H0004 HE','ER','11208','4.00');
insert into ProgNotes (`ChangeProvID`,`ClientID`,`CreateDate`,`CreateProvID`,`FormID`,`ID`,`Methods`,`NoteID`,`ProgEvidence`,`Progress`,`RecDOLC`) VALUES ('134','1231','2019-07-08','134','352645_1','11208','cognitive behavioral therapy','11208','Client met for individual session. Client processed his past related to his addiction. Client identified areas he plans to work on in treatment over the next six months. ','1','2019-07-08 15:49:14');
insert into ClientTherapyNotes (`ChangeDate`,`ChangeProvID`,`ClientID`,`CreateDate`,`CreateProvID`,`FormID`,`ID`,`NoteID`) VALUES ('2019-07-08 15:49:14','134','1231','2019-07-08','134','352645_1','11206','11208');
insert into ClientNoteProblems (`Active`,`ChangeDate`,`ChangeProvID`,`ClientID`,`CreateDate`,`CreateProvID`,`ID`,`InitiatedDate`,`Locked`,`Priority`,`TrID`,`UUID`) VALUES ('1','2019-07-08 16:54:21','102','1231','2019-07-08','134','14747','2019-06-20','1','10','11208','da984739-a081-58a0-ba06-72e0397d32c3_F10.20');
insert into NoteTrans (`BillAmt`,`BillDate`,`ChangeDate`,`ChangeProvID`,`ClientID`,`Code`,`ContDate`,`DenCode`,`Duration`,`ICN`,`ID`,`InsCode`,`PaidAmt`,`PayerID`,`ProvID`,`ReasonCode`,`RecDate`,`RefID`,`SCID`,`SCNum`,`SRC`,`TrID`,`Units`) VALUES ('47.16','2019-08-12','2019-08-21 10:27:53','91','1231','ER','2019-08-06','198','3540','2019225428473','16608','MC','0.00','731476619','131','198','2019-08-21','20190821100732840E','10206','H2017 HF','ER','11269','4.00');
insert into ProgNotes (`ChangeProvID`,`ClientID`,`CreateDate`,`CreateProvID`,`FormID`,`ID`,`Methods`,`NoteID`,`ProgEvidence`,`Progress`,`RecDOLC`) VALUES ('131','1231','2019-08-09','131','355468_1','11269','Person Centered: Individual: 2.  Case manager will inform client 1 negative life effect from his alcohol use.','11269','Case manager informed client 1 negative life effect from his alcohol use such as depending on his BAC you can experience an array of side effects that range from minor complications to more severe ones for example, lower BAC percentages tend to come with temporary side effects that subside within a few hours. Case manager informed client that however, as BAC percentages increase, the symptoms become much more serious and can be life-threatening. Client states, \" I learned that drinking and driving can potentially harm more than just myself, and I got my first DUI due to me drinking and driving.\"  Client was responsive during session.\r\n\r\n','2','2019-08-09 13:44:17');
insert into ClientTherapyNotes (`ChangeDate`,`ChangeProvID`,`ClientID`,`CreateDate`,`CreateProvID`,`FormID`,`ID`,`NoteID`) VALUES ('2019-08-09 12:51:53','131','1231','2019-08-09','131','355468_1','11267','11269');
insert into ClientNoteProblems (`Active`,`ChangeDate`,`ChangeProvID`,`ClientID`,`CreateDate`,`CreateProvID`,`ID`,`InitiatedDate`,`Locked`,`Priority`,`TrID`,`UUID`) VALUES ('1','2019-08-12 10:15:58','102','1231','2019-08-09','131','14794','2019-06-20','1','20','11269','8bb7b02b-91d8-55bf-a304-003b08a387a8_F10.20');
insert into NoteTrans (`BillAmt`,`BillDate`,`ChangeDate`,`ChangeProvID`,`ClientID`,`Code`,`ContDate`,`DenCode`,`Duration`,`ICN`,`ID`,`InsCode`,`PaidAmt`,`PayerID`,`ProvID`,`ReasonCode`,`RecDate`,`RefID`,`SCID`,`SCNum`,`SRC`,`TrID`,`Units`) VALUES ('47.16','2019-08-19','2019-08-28 14:27:38','91','1231','ER','2019-08-13','198','3540','2019232431278','16626','MC','0.00','731476619','131','198','2019-08-28','009866533','10206','H2017 HF','ER','11286','4.00');
insert into ProgNotes (`ChangeProvID`,`ClientID`,`CreateDate`,`CreateProvID`,`FormID`,`ID`,`Methods`,`NoteID`,`ProgEvidence`,`Progress`,`RecDOLC`) VALUES ('131','1231','2019-08-17','131','355997_1','11286','Person Centered: Individual: 1.  Case manager will inform client 1 negative effect of his drinking an driving.','11286','Case manager informed client 1 negative effect of his drinking and driving such as the majority of DUI arrests and alcohol-related crashes are committed by repeat offenders over half of arrests include drivers with a suspended license. Case manager informed client  that on average a person has driven drunk at least 80 times before they are arrested. Case manager informed client that there are 300,000 incidents of drunk driving each day across the US.  Client states, \" I learned whether you mean to or not there can be catastrophic consequences to me drinking and driving.\"  Client was responsive during session.','1','2019-08-17 09:50:45');
insert into ClientTherapyNotes (`ChangeDate`,`ChangeProvID`,`ClientID`,`CreateDate`,`CreateProvID`,`FormID`,`ID`,`NoteID`) VALUES ('2019-08-17 09:50:45','131','1231','2019-08-17','131','355997_1','11284','11286');
insert into ClientNoteProblems (`Active`,`ChangeDate`,`ChangeProvID`,`ClientID`,`CreateDate`,`CreateProvID`,`ID`,`InitiatedDate`,`Locked`,`Priority`,`TrID`,`UUID`) VALUES ('1','2019-08-17 13:06:25','102','1231','2019-08-17','131','14811','2019-06-20','1','20','11286','8bb7b02b-91d8-55bf-a304-003b08a387a8_F10.20');
insert into NoteTrans (`BillAmt`,`BillDate`,`ChangeDate`,`ChangeProvID`,`ClientID`,`Code`,`ContDate`,`DenCode`,`Duration`,`ICN`,`ID`,`InsCode`,`PaidAmt`,`PayerID`,`ProvID`,`ReasonCode`,`RecDate`,`RefID`,`SCID`,`SCNum`,`SRC`,`TrID`,`Units`) VALUES ('47.16','2019-08-26','2019-09-04 13:22:30','91','1231','ER','2019-08-20','198','3540','2019239427091','16645','MC','0.00','731476619','131','198','2019-09-04','009874228','10206','H2017 HF','ER','11299','4.00');
insert into ProgNotes (`ChangeProvID`,`ClientID`,`CreateDate`,`CreateProvID`,`FormID`,`ID`,`Methods`,`NoteID`,`ProgEvidence`,`Progress`,`RecDOLC`) VALUES ('131','1231','2019-08-23','131','356656_1','11299','Person Centered: Individual: 3. Case manager will teach client 1 way to manage his stress of daily life without drinking.','11299','Case manager taught client 1 way to manage his stress of daily life without drinking.  Case manager informed client that some stressors are things he cannot control, but many stressors do offer him a degree of control. Case manager taught client that if the stress at his job gets to him that he can just take a break so that he don\'t get to stressed to the point that he would want to drink. Client states, \" I learned that I have to do whatever I need to keep my stress level down so that I don\'t relapse and go back to drinking.\"  Client was responsive during session.','2','2019-08-23 13:24:48');
insert into ClientTherapyNotes (`ChangeDate`,`ChangeProvID`,`ClientID`,`CreateDate`,`CreateProvID`,`FormID`,`ID`,`NoteID`) VALUES ('2019-08-23 13:24:48','131','1231','2019-08-23','131','356656_1','11297','11299');
insert into ClientNoteProblems (`Active`,`ChangeDate`,`ChangeProvID`,`ClientID`,`CreateDate`,`CreateProvID`,`ID`,`InitiatedDate`,`Locked`,`Priority`,`TrID`,`UUID`) VALUES ('1','2019-08-25 20:14:31','102','1231','2019-08-23','131','14826','2019-06-20','1','20','11299','8bb7b02b-91d8-55bf-a304-003b08a387a8_F10.20');
insert into NoteTrans (`BillAmt`,`BillDate`,`ChangeDate`,`ChangeProvID`,`ClientID`,`Code`,`ContDate`,`DenCode`,`Duration`,`ICN`,`ID`,`InsCode`,`PaidAmt`,`PayerID`,`ProvID`,`ReasonCode`,`RecDate`,`RefID`,`SCID`,`SCNum`,`SRC`,`TrID`,`Units`) VALUES ('47.16','2019-09-09','2019-09-18 10:52:53','91','1231','ER','2019-08-26','198','3540','2019253406883','16660','MC','0.00','731476619','131','198','2019-09-18','009889134','10206','H2017 HF','ER','11313','4.00');
insert into ProgNotes (`ChangeProvID`,`ClientID`,`CreateDate`,`CreateProvID`,`FormID`,`ID`,`Methods`,`NoteID`,`ProgEvidence`,`Progress`,`RecDOLC`) VALUES ('131','1231','2019-08-26','131','356966_1','11313','Person Centered:  Individual:  1.  Case manager will inform client of 1 internal trigger to his alcohol use.','11313','Case manager informed client  of 1 internal trigger to his alcohol use are feelings that people have before or during drinking or using drugs. Case manager informed client that for instance, he may feel insecure about sex and think he has to drink alcohol in order to relax before having sex. Case manager informed client that other people may use drugs when they feel angry, lonely, depressed, sad, or bored  but any feeling can become an internal trigger. Client states, \" I learned that I have to recognize my internal triggers so that I don\'t keep using alcohol to function.\"  Client was responsive during session.    ','2','2019-08-26 13:44:07');
insert into ClientTherapyNotes (`ChangeDate`,`ChangeProvID`,`ClientID`,`CreateDate`,`CreateProvID`,`FormID`,`ID`,`NoteID`) VALUES ('2019-08-26 13:32:07','131','1231','2019-08-26','131','356966_1','11311','11313');
insert into ClientNoteProblems (`Active`,`ChangeDate`,`ChangeProvID`,`ClientID`,`CreateDate`,`CreateProvID`,`ID`,`InitiatedDate`,`Locked`,`Priority`,`TrID`,`UUID`) VALUES ('1','2019-09-03 14:44:37','102','1231','2019-08-26','131','14837','2019-06-20','1','20','11313','8bb7b02b-91d8-55bf-a304-003b08a387a8_F10.20');
insert into NoteTrans (`BillAmt`,`BillDate`,`ChangeDate`,`ChangeProvID`,`ClientID`,`Code`,`ContDate`,`DenCode`,`Duration`,`ICN`,`ID`,`InsCode`,`PaidAmt`,`PayerID`,`ProvID`,`ReasonCode`,`RecDate`,`RefID`,`SCID`,`SCNum`,`SRC`,`TrID`,`Units`) VALUES ('47.16','2019-09-23','2019-10-02 12:52:10','91','1231','ER','2019-09-10','198','3540','2019267421865','16686','MC','0.00','731476619','131','198','2019-10-02','009904369','10206','H2017 HF','ER','11329','4.00');
insert into ProgNotes (`ChangeProvID`,`ClientID`,`CreateDate`,`CreateProvID`,`FormID`,`ID`,`Methods`,`NoteID`,`ProgEvidence`,`Progress`,`RecDOLC`) VALUES ('131','1231','2019-09-17','131','358163_1','11329','Person Centered: Individual: 1. Case manger will inform client 1 negative life effect from alcohol use.','11329','Case manager informed client 1 negative life effect from alcohol use.  Case manager informed client many people drink a moderate amount of alcohol without harmful consequences, while for others just one drink can lead down a dangerous path. Case manager informed client that the problem drinking is not defined only by how often or even how much as a person drinks.  Client states, \" I learned that anybody can beat addiction I just have to take it one day at a time.\"  Client was responsive during session.','2','2019-09-17 10:42:44');
insert into ClientTherapyNotes (`ChangeDate`,`ChangeProvID`,`ClientID`,`CreateDate`,`CreateProvID`,`FormID`,`ID`,`NoteID`) VALUES ('2019-09-17 10:36:07','131','1231','2019-09-17','131','358163_1','11327','11329');
insert into ClientNoteProblems (`Active`,`ChangeDate`,`ChangeProvID`,`ClientID`,`CreateDate`,`CreateProvID`,`ID`,`InitiatedDate`,`Locked`,`Priority`,`TrID`,`UUID`) VALUES ('1','2019-09-23 09:36:00','102','1231','2019-09-17','131','14857','2019-06-20','1','20','11329','8bb7b02b-91d8-55bf-a304-003b08a387a8_F10.20');
insert into NoteTrans (`BillAmt`,`BillDate`,`ChangeDate`,`ChangeProvID`,`ClientID`,`Code`,`ContDate`,`DenCode`,`Duration`,`ICN`,`ID`,`InsCode`,`PaidAmt`,`PayerID`,`ProvID`,`ReasonCode`,`RecDate`,`RefID`,`SCID`,`SCNum`,`SRC`,`TrID`,`Units`) VALUES ('47.16','2019-09-23','2019-10-02 12:52:10','91','1231','ER','2019-09-16','198','3540','2019267421867','16687','MC','0.00','731476619','131','198','2019-10-02','009904369','10206','H2017 HF','ER','11336','4.00');
insert into ProgNotes (`ChangeProvID`,`ClientID`,`CreateDate`,`CreateProvID`,`FormID`,`ID`,`Methods`,`NoteID`,`ProgEvidence`,`Progress`,`RecDOLC`) VALUES ('131','1231','2019-09-17','131','358229_1','11336','Person Centered:  Individual:  2. Case manager will inform client 1 way to keep boundaries with family members related to alcohol use.    ','11336','Case manager informed client 1 ways to keep boundaries with family members related to alcohol use.  Case manager informed client  that toxic relationships involve behaviors that cause emotional and/or physical harm to one another. These relationships are often marked by intense shame, dishonesty, physical and emotional abuse and severe manipulation. There is a disregard for one another\'s values and needs, and boundary violations are rampant in such toxic situations.  Client states, \" learned the basic of recovery and a good way to stay sober by completely changing my way of life and my values.\"  Client was responsive during session.','2','2019-09-17 13:32:13');
insert into ClientTherapyNotes (`ChangeDate`,`ChangeProvID`,`ClientID`,`CreateDate`,`CreateProvID`,`FormID`,`ID`,`NoteID`) VALUES ('2019-09-17 13:25:24','131','1231','2019-09-17','131','358229_1','11334','11336');
insert into ClientNoteProblems (`Active`,`ChangeDate`,`ChangeProvID`,`ClientID`,`CreateDate`,`CreateProvID`,`ID`,`InitiatedDate`,`Locked`,`Priority`,`TrID`,`UUID`) VALUES ('1','2019-09-23 10:10:30','102','1231','2019-09-17','131','14864','2019-06-20','1','20','11336','8bb7b02b-91d8-55bf-a304-003b08a387a8_F10.20');
